offset_hex,exe_path,re_relative,exists,actual_path
0x535f20,media\demo\LD_demo%02d.txt,demo\LD_demo%02d.txt,False,
0x535fb8,media\system\WhiteBack.png,system\WhiteBack.png,True,/Users/happyelements/SteamLibrary/steamapps/common/Like Dreamer/re/system/WhiteBack.png
0x535fd8,media\system\starting.png,system\starting.png,True,/Users/happyelements/SteamLibrary/steamapps/common/Like Dreamer/re/system/Starting.png
0x535ff8,media\system\NowLoading.png,system\NowLoading.png,True,/Users/happyelements/SteamLibrary/steamapps/common/Like Dreamer/re/system/NowLoading.png
0x536018,media\system\TitleBack.png,system\TitleBack.png,True,/Users/happyelements/SteamLibrary/steamapps/common/Like Dreamer/re/system/TitleBack.png
0x536038,media\system\TitleLogo.png,system\TitleLogo.png,True,/Users/happyelements/SteamLibrary/steamapps/common/Like Dreamer/re/system/TitleLogo.png
0x536058,media\player\DataWindow.png,player\DataWindow.png,True,/Users/happyelements/SteamLibrary/steamapps/common/Like Dreamer/re/player/DataWindow.png
0x536078,media\player\TimeWindow.png,player\TimeWindow.png,True,/Users/happyelements/SteamLibrary/steamapps/common/Like Dreamer/re/player/TimeWindow.png
0x536098,media\stage\EnemyGauge2.png,stage\EnemyGauge2.png,True,/Users/happyelements/SteamLibrary/steamapps/common/Like Dreamer/re/stage/EnemyGauge2.png
0x5360b8,media\stage\BossApproach2.png,stage\BossApproach2.png,True,/Users/happyelements/SteamLibrary/steamapps/common/Like Dreamer/re/stage/BossApproach2.png
0x5360d8,media\stage\Stage2Back.png,stage\Stage2Back.png,True,/Users/happyelements/SteamLibrary/steamapps/common/Like Dreamer/re/stage/Stage2Back.png
0x5360f8,media\stage\Stage3Back.png,stage\Stage3Back.png,True,/Users/happyelements/SteamLibrary/steamapps/common/Like Dreamer/re/stage/Stage3Back.png
0x536118,media\stage\Stage6Back.png,stage\Stage6Back.png,True,/Users/happyelements/SteamLibrary/steamapps/common/Like Dreamer/re/stage/Stage6Back.png
0x536138,media\stage\Stage8Back1.png,stage\Stage8Back1.png,True,/Users/happyelements/SteamLibrary/steamapps/common/Like Dreamer/re/stage/Stage8Back1.png
0x536158,media\stage\Stage8Back2.png,stage\Stage8Back2.png,True,/Users/happyelements/SteamLibrary/steamapps/common/Like Dreamer/re/stage/Stage8Back2.png
0x536178,media\gallery\NoticeFrame.png,gallery\NoticeFrame.png,True,/Users/happyelements/SteamLibrary/steamapps/common/Like Dreamer/re/gallery/NoticeFrame.png
0x536198,media\gallery\GalleryFrame.png,gallery\GalleryFrame.png,True,/Users/happyelements/SteamLibrary/steamapps/common/Like Dreamer/re/gallery/GalleryFrame.png
0x5361b8,media\gallery\EnemyListWindow.png,gallery\EnemyListWindow.png,True,/Users/happyelements/SteamLibrary/steamapps/common/Like Dreamer/re/gallery/EnemyListWindow.png
0x5361e0,media\system\DemoLogo.png,system\DemoLogo.png,True,/Users/happyelements/SteamLibrary/steamapps/common/Like Dreamer/re/system/DemoLogo.png
0x536200,media\system\BetaLogo.png,system\BetaLogo.png,True,/Users/happyelements/SteamLibrary/steamapps/common/Like Dreamer/re/system/BetaLogo.png
0x536220,media\system\DemoEnd.png,system\DemoEnd.png,True,/Users/happyelements/SteamLibrary/steamapps/common/Like Dreamer/re/system/DemoEnd.png
0x536240,media\system\TitleMenu.png,system\TitleMenu.png,True,/Users/happyelements/SteamLibrary/steamapps/common/Like Dreamer/re/system/TitleMenu.png
0x536260,media\system\Stand.png,system\Stand.png,True,/Users/happyelements/SteamLibrary/steamapps/common/Like Dreamer/re/system/Stand.png
0x536278,media\system\TextBox.png,system\TextBox.png,True,/Users/happyelements/SteamLibrary/steamapps/common/Like Dreamer/re/system/TextBox.png
0x536298,media\system\TextIcon.png,system\TextIcon.png,True,/Users/happyelements/SteamLibrary/steamapps/common/Like Dreamer/re/system/TextIcon.png
0x5362b8,media\system\StageFrame.png,system\StageFrame.png,True,/Users/happyelements/SteamLibrary/steamapps/common/Like Dreamer/re/system/StageFrame.png
0x5362d8,media\system\StageFrame2.png,system\StageFrame2.png,True,/Users/happyelements/SteamLibrary/steamapps/common/Like Dreamer/re/system/StageFrame2.png
0x5362f8,media\system\ConfigMenu.png,system\ConfigMenu.png,True,/Users/happyelements/SteamLibrary/steamapps/common/Like Dreamer/re/system/ConfigMenu.png
0x536318,media\system\ConfigMenu2.png,system\ConfigMenu2.png,True,/Users/happyelements/SteamLibrary/steamapps/common/Like Dreamer/re/system/ConfigMenu2.png
0x536338,media\system\KeyConfigMenu.png,system\KeyConfigMenu.png,True,/Users/happyelements/SteamLibrary/steamapps/common/Like Dreamer/re/system/KeyConfigMenu.png
0x536358,media\system\ConfigNumber.png,system\ConfigNumber.png,True,/Users/happyelements/SteamLibrary/steamapps/common/Like Dreamer/re/system/ConfigNumber.png
0x536378,media\system\PracticeMenu.png,system\PracticeMenu.png,True,/Users/happyelements/SteamLibrary/steamapps/common/Like Dreamer/re/system/PracticeMenu.png
0x536398,media\system\RankingNotice.png,system\RankingNotice.png,True,/Users/happyelements/SteamLibrary/steamapps/common/Like Dreamer/re/system/RankingNotice.png
0x5363b8,media\system\KerPromotButton.png,system\KerPromotButton.png,True,/Users/happyelements/SteamLibrary/steamapps/common/Like Dreamer/re/system/KerPromotButton.png
0x5363e0,media\system\KerboardPromot.png,system\KerboardPromot.png,True,/Users/happyelements/SteamLibrary/steamapps/common/Like Dreamer/re/system/KerboardPromot.png
0x536400,media\player\Player.png,player\Player.png,True,/Users/happyelements/SteamLibrary/steamapps/common/Like Dreamer/re/player/Player.png
0x536418,media\player\Item.png,player\Item.png,True,/Users/happyelements/SteamLibrary/steamapps/common/Like Dreamer/re/player/Item.png
0x536430,media\player\PlayerFrame.png,player\PlayerFrame.png,True,/Users/happyelements/SteamLibrary/steamapps/common/Like Dreamer/re/player/PlayerFrame.png
0x536450,media\player\State.png,player\State.png,True,/Users/happyelements/SteamLibrary/steamapps/common/Like Dreamer/re/player/State.png
0x536468,media\player\PauseBack.png,player\PauseBack.png,True,/Users/happyelements/SteamLibrary/steamapps/common/Like Dreamer/re/player/PauseBack.png
0x536488,media\player\PauseCount.png,player\PauseCount.png,True,/Users/happyelements/SteamLibrary/steamapps/common/Like Dreamer/re/player/PauseCount.png
0x5364a8,media\player\DataWindow2.png,player\DataWindow2.png,True,/Users/happyelements/SteamLibrary/steamapps/common/Like Dreamer/re/player/DataWindow2.png
0x5364c8,media\effect\Effect_s.png,effect\Effect_s.png,True,/Users/happyelements/SteamLibrary/steamapps/common/Like Dreamer/re/effect/Effect_s.png
0x5364e8,media\effect\Effect_m.png,effect\Effect_m.png,True,/Users/happyelements/SteamLibrary/steamapps/common/Like Dreamer/re/effect/Effect_m.png
0x536508,media\effect\Effect_l.png,effect\Effect_l.png,True,/Users/happyelements/SteamLibrary/steamapps/common/Like Dreamer/re/effect/Effect_l.png
0x536528,media\system\Num_s.png,system\Num_s.png,True,/Users/happyelements/SteamLibrary/steamapps/common/Like Dreamer/re/system/Num_s.png
0x536540,media\system\Num_m.png,system\Num_m.png,True,/Users/happyelements/SteamLibrary/steamapps/common/Like Dreamer/re/system/Num_m.png
0x536558,media\system\Num_l.png,system\Num_l.png,True,/Users/happyelements/SteamLibrary/steamapps/common/Like Dreamer/re/system/Num_l.png
0x536570,media\player\DreamGauge.png,player\DreamGauge.png,True,/Users/happyelements/SteamLibrary/steamapps/common/Like Dreamer/re/player/DreamGauge.png
0x536590,media\stage\TutorialButton.png,stage\TutorialButton.png,True,/Users/happyelements/SteamLibrary/steamapps/common/Like Dreamer/re/stage/TutorialButton.png
0x5365b0,media\stage\StageBack1.png,stage\StageBack1.png,True,/Users/happyelements/SteamLibrary/steamapps/common/Like Dreamer/re/stage/StageBack1.png
0x5365d0,media\stage\StageBack1b.png,stage\StageBack1b.png,True,/Users/happyelements/SteamLibrary/steamapps/common/Like Dreamer/re/stage/StageBack1b.png
0x5365f0,media\stage\StageBack1c.png,stage\StageBack1c.png,True,/Users/happyelements/SteamLibrary/steamapps/common/Like Dreamer/re/stage/StageBack1c.png
0x536610,media\stage\StageBack1d.png,stage\StageBack1d.png,True,/Users/happyelements/SteamLibrary/steamapps/common/Like Dreamer/re/stage/StageBack1d.png
0x536630,media\stage\StageBack2.png,stage\StageBack2.png,True,/Users/happyelements/SteamLibrary/steamapps/common/Like Dreamer/re/stage/StageBack2.png
0x536650,media\stage\Enemy_s.png,stage\Enemy_s.png,True,/Users/happyelements/SteamLibrary/steamapps/common/Like Dreamer/re/stage/Enemy_s.png
0x536668,media\stage\Enemy_m.png,stage\Enemy_m.png,True,/Users/happyelements/SteamLibrary/steamapps/common/Like Dreamer/re/stage/Enemy_m.png
0x536680,media\stage\Enemy_l.png,stage\Enemy_l.png,True,/Users/happyelements/SteamLibrary/steamapps/common/Like Dreamer/re/stage/Enemy_l.png
0x536698,media\stage\Enemy_xl.png,stage\Enemy_xl.png,True,/Users/happyelements/SteamLibrary/steamapps/common/Like Dreamer/re/stage/Enemy_xl.png
0x5366b8,media\stage\EnemyGauge1.png,stage\EnemyGauge1.png,True,/Users/happyelements/SteamLibrary/steamapps/common/Like Dreamer/re/stage/EnemyGauge1.png
0x5366d8,media\stage\Boss.png,stage\Boss.png,True,/Users/happyelements/SteamLibrary/steamapps/common/Like Dreamer/re/stage/Boss.png
0x5366f0,media\stage\BossGauge.png,stage\BossGauge.png,True,/Users/happyelements/SteamLibrary/steamapps/common/Like Dreamer/re/stage/BossGauge.png
0x536710,media\stage\BossName.png,stage\BossName.png,True,/Users/happyelements/SteamLibrary/steamapps/common/Like Dreamer/re/stage/BossName.png
0x536730,media\stage\Bullet.png,stage\Bullet.png,True,/Users/happyelements/SteamLibrary/steamapps/common/Like Dreamer/re/stage/Bullet.png
0x536748,media\system\Opening.png,system\Opening.png,True,/Users/happyelements/SteamLibrary/steamapps/common/Like Dreamer/re/system/Opening.png
0x536768,media\player\Result.png,player\Result.png,True,/Users/happyelements/SteamLibrary/steamapps/common/Like Dreamer/re/player/Result.png
0x536780,media\player\StageClear.png,player\StageClear.png,True,/Users/happyelements/SteamLibrary/steamapps/common/Like Dreamer/re/player/StageClear.png
0x5367a0,media\system\Ending.png,system\Ending.png,True,/Users/happyelements/SteamLibrary/steamapps/common/Like Dreamer/re/system/Ending.png
0x5367b8,media\system\Credit.png,system\Credit.png,True,/Users/happyelements/SteamLibrary/steamapps/common/Like Dreamer/re/system/Credit.png
0x5367d0,media\gallery\NoticeText1.png,gallery\NoticeText1.png,True,/Users/happyelements/SteamLibrary/steamapps/common/Like Dreamer/re/gallery/NoticeText1.png
0x5367f0,media\gallery\Achievement.png,gallery\Achievement.png,True,/Users/happyelements/SteamLibrary/steamapps/common/Like Dreamer/re/gallery/Achievement.png
0x536810,media\gallery\EnemyList.png,gallery\EnemyList.png,True,/Users/happyelements/SteamLibrary/steamapps/common/Like Dreamer/re/gallery/EnemyList.png
0x536830,media\gallery\EnemyListPic.png,gallery\EnemyListPic.png,True,/Users/happyelements/SteamLibrary/steamapps/common/Like Dreamer/re/gallery/EnemyListPic.png
0x536850,media\bgm\Opening.ogg,bgm\Opening.ogg,True,/Users/happyelements/SteamLibrary/steamapps/common/Like Dreamer/re/bgm/Opening.ogg
0x536868,media\bgm\Title.ogg,bgm\Title.ogg,True,/Users/happyelements/SteamLibrary/steamapps/common/Like Dreamer/re/bgm/Title.ogg
0x536880,media\bgm\Tutorial.ogg,bgm\Tutorial.ogg,True,/Users/happyelements/SteamLibrary/steamapps/common/Like Dreamer/re/bgm/Tutorial.ogg
0x536898,media\bgm\Gameover.ogg,bgm\Gameover.ogg,True,/Users/happyelements/SteamLibrary/steamapps/common/Like Dreamer/re/bgm/Gameover.ogg
0x5368b0,media\bgm\Stage1.ogg,bgm\Stage1.ogg,True,/Users/happyelements/SteamLibrary/steamapps/common/Like Dreamer/re/bgm/Stage1.ogg
0x5368c8,media\bgm\Stage2.ogg,bgm\Stage2.ogg,True,/Users/happyelements/SteamLibrary/steamapps/common/Like Dreamer/re/bgm/Stage2.ogg
0x5368e0,media\bgm\Stage3.ogg,bgm\Stage3.ogg,True,/Users/happyelements/SteamLibrary/steamapps/common/Like Dreamer/re/bgm/Stage3.ogg
0x5368f8,media\bgm\Stage4.ogg,bgm\Stage4.ogg,True,/Users/happyelements/SteamLibrary/steamapps/common/Like Dreamer/re/bgm/Stage4.ogg
0x536910,media\bgm\Stage5.ogg,bgm\Stage5.ogg,True,/Users/happyelements/SteamLibrary/steamapps/common/Like Dreamer/re/bgm/Stage5.ogg
0x536928,media\bgm\Stage6.ogg,bgm\Stage6.ogg,True,/Users/happyelements/SteamLibrary/steamapps/common/Like Dreamer/re/bgm/Stage6.ogg
0x536940,media\bgm\Stage7.ogg,bgm\Stage7.ogg,True,/Users/happyelements/SteamLibrary/steamapps/common/Like Dreamer/re/bgm/Stage7.ogg
0x536958,media\bgm\Stage8.ogg,bgm\Stage8.ogg,True,/Users/happyelements/SteamLibrary/steamapps/common/Like Dreamer/re/bgm/Stage8.ogg
0x536970,media\bgm\Stage9.ogg,bgm\Stage9.ogg,True,/Users/happyelements/SteamLibrary/steamapps/common/Like Dreamer/re/bgm/Stage9.ogg
0x536988,media\bgm\Stage10.ogg,bgm\Stage10.ogg,True,/Users/happyelements/SteamLibrary/steamapps/common/Like Dreamer/re/bgm/Stage10.ogg
0x5369a0,media\bgm\Boss1.ogg,bgm\Boss1.ogg,True,/Users/happyelements/SteamLibrary/steamapps/common/Like Dreamer/re/bgm/Boss1.ogg
0x5369b8,media\bgm\Boss2.ogg,bgm\Boss2.ogg,True,/Users/happyelements/SteamLibrary/steamapps/common/Like Dreamer/re/bgm/Boss2.ogg
0x5369d0,media\bgm\Boss3.ogg,bgm\Boss3.ogg,True,/Users/happyelements/SteamLibrary/steamapps/common/Like Dreamer/re/bgm/Boss3.ogg
0x5369e8,media\bgm\Boss4.ogg,bgm\Boss4.ogg,True,/Users/happyelements/SteamLibrary/steamapps/common/Like Dreamer/re/bgm/Boss4.ogg
0x536a00,media\bgm\Boss5.ogg,bgm\Boss5.ogg,True,/Users/happyelements/SteamLibrary/steamapps/common/Like Dreamer/re/bgm/Boss5.ogg
0x536a18,media\bgm\StageClear.ogg,bgm\StageClear.ogg,True,/Users/happyelements/SteamLibrary/steamapps/common/Like Dreamer/re/bgm/StageClear.ogg
0x536a38,media\bgm\Ending.ogg,bgm\Ending.ogg,True,/Users/happyelements/SteamLibrary/steamapps/common/Like Dreamer/re/bgm/Ending.ogg
0x536a50,media\bgm\Unlock.ogg,bgm\Unlock.ogg,True,/Users/happyelements/SteamLibrary/steamapps/common/Like Dreamer/re/bgm/Unlock.ogg
0x536a68,media\se\Select.mp3,se\Select.mp3,True,/Users/happyelements/SteamLibrary/steamapps/common/Like Dreamer/re/se/Select.mp3
0x536a80,media\se\Enter.wav,se\Enter.wav,True,/Users/happyelements/SteamLibrary/steamapps/common/Like Dreamer/re/se/Enter.wav
0x536a98,media\se\Cancel.wav,se\Cancel.wav,True,/Users/happyelements/SteamLibrary/steamapps/common/Like Dreamer/re/se/Cancel.wav
0x536ab0,media\se\Error.wav,se\Error.wav,True,/Users/happyelements/SteamLibrary/steamapps/common/Like Dreamer/re/se/Error.wav
0x536ac8,media\se\Switch.wav,se\Switch.wav,True,/Users/happyelements/SteamLibrary/steamapps/common/Like Dreamer/re/se/Switch.wav
0x536ae0,media\se\Text.wav,se\Text.wav,True,/Users/happyelements/SteamLibrary/steamapps/common/Like Dreamer/re/se/Text.wav
0x536af8,media\se\Text2.wav,se\Text2.wav,True,/Users/happyelements/SteamLibrary/steamapps/common/Like Dreamer/re/se/Text2.wav
0x536b10,media\se\Pose.wav,se\Pose.wav,True,/Users/happyelements/SteamLibrary/steamapps/common/Like Dreamer/re/se/Pose.wav
0x536b28,media\se\Miss.wav,se\Miss.wav,True,/Users/happyelements/SteamLibrary/steamapps/common/Like Dreamer/re/se/Miss.wav
0x536b40,media\se\Miss2.wav,se\Miss2.wav,True,/Users/happyelements/SteamLibrary/steamapps/common/Like Dreamer/re/se/Miss2.wav
0x536b58,media\se\Extend.wav,se\Extend.wav,True,/Users/happyelements/SteamLibrary/steamapps/common/Like Dreamer/re/se/Extend.wav
0x536b70,media\se\Shot1.wav,se\Shot1.wav,True,/Users/happyelements/SteamLibrary/steamapps/common/Like Dreamer/re/se/Shot1.wav
0x536b88,media\se\Shot2.wav,se\Shot2.wav,True,/Users/happyelements/SteamLibrary/steamapps/common/Like Dreamer/re/se/Shot2.wav
0x536ba0,media\se\BossSE2.wav,se\BossSE2.wav,True,/Users/happyelements/SteamLibrary/steamapps/common/Like Dreamer/re/se/BossSE2.wav
0x536bb8,media\se\Shot4.wav,se\Shot4.wav,True,/Users/happyelements/SteamLibrary/steamapps/common/Like Dreamer/re/se/Shot4.wav
0x536bd0,media\se\Shot5.wav,se\Shot5.wav,True,/Users/happyelements/SteamLibrary/steamapps/common/Like Dreamer/re/se/Shot5.wav
0x536be8,media\se\BossSE4.wav,se\BossSE4.wav,True,/Users/happyelements/SteamLibrary/steamapps/common/Like Dreamer/re/se/BossSE4.wav
0x536c00,media\se\Shothit.wav,se\Shothit.wav,True,/Users/happyelements/SteamLibrary/steamapps/common/Like Dreamer/re/se/Shothit.wav
0x536c18,media\se\Shothit2.wav,se\Shothit2.wav,True,/Users/happyelements/SteamLibrary/steamapps/common/Like Dreamer/re/se/Shothit2.wav
0x536c30,media\se\Bomb1.wav,se\Bomb1.wav,True,/Users/happyelements/SteamLibrary/steamapps/common/Like Dreamer/re/se/Bomb1.wav
0x536c48,media\se\Bomb2.wav,se\Bomb2.wav,True,/Users/happyelements/SteamLibrary/steamapps/common/Like Dreamer/re/se/Bomb2.wav
0x536c60,media\se\Bomb3.wav,se\Bomb3.wav,True,/Users/happyelements/SteamLibrary/steamapps/common/Like Dreamer/re/se/Bomb3.wav
0x536c78,media\se\Bomb4.wav,se\Bomb4.wav,True,/Users/happyelements/SteamLibrary/steamapps/common/Like Dreamer/re/se/Bomb4.wav
0x536c90,media\se\Bomb5.wav,se\Bomb5.wav,True,/Users/happyelements/SteamLibrary/steamapps/common/Like Dreamer/re/se/Bomb5.wav
0x536ca8,media\se\Bomb6.wav,se\Bomb6.wav,True,/Users/happyelements/SteamLibrary/steamapps/common/Like Dreamer/re/se/Bomb6.wav
0x536cc0,media\se\Bomb7.wav,se\Bomb7.wav,True,/Users/happyelements/SteamLibrary/steamapps/common/Like Dreamer/re/se/Bomb7.wav
0x536cd8,media\se\Bomb8.wav,se\Bomb8.wav,True,/Users/happyelements/SteamLibrary/steamapps/common/Like Dreamer/re/se/Bomb8.wav
0x536cf0,media\se\Item1.wav,se\Item1.wav,True,/Users/happyelements/SteamLibrary/steamapps/common/Like Dreamer/re/se/Item1.wav
0x536d08,media\se\Item2.wav,se\Item2.wav,True,/Users/happyelements/SteamLibrary/steamapps/common/Like Dreamer/re/se/Item2.wav
0x536d20,media\se\Item3.wav,se\Item3.wav,True,/Users/happyelements/SteamLibrary/steamapps/common/Like Dreamer/re/se/Item3.wav
0x536d38,media\se\Guard.wav,se\Guard.wav,True,/Users/happyelements/SteamLibrary/steamapps/common/Like Dreamer/re/se/Guard.wav
0x536d50,media\se\DreamPower.wav,se\DreamPower.wav,True,/Users/happyelements/SteamLibrary/steamapps/common/Like Dreamer/re/se/DreamPower.wav
0x536d68,media\se\Fever1.wav,se\Fever1.wav,True,/Users/happyelements/SteamLibrary/steamapps/common/Like Dreamer/re/se/Fever1.wav
0x536d80,media\se\Fever2.mp3,se\Fever2.mp3,True,/Users/happyelements/SteamLibrary/steamapps/common/Like Dreamer/re/se/Fever2.mp3
0x536d98,media\se\Fever3.wav,se\Fever3.wav,True,/Users/happyelements/SteamLibrary/steamapps/common/Like Dreamer/re/se/Fever3.wav
0x536db0,media\se\Fever4.wav,se\Fever4.wav,True,/Users/happyelements/SteamLibrary/steamapps/common/Like Dreamer/re/se/Fever4.wav
0x536dc8,media\se\EnemyDown1.wav,se\EnemyDown1.wav,True,/Users/happyelements/SteamLibrary/steamapps/common/Like Dreamer/re/se/EnemyDown1.wav
0x536de0,media\se\EnemyDown2.wav,se\EnemyDown2.wav,True,/Users/happyelements/SteamLibrary/steamapps/common/Like Dreamer/re/se/EnemyDown2.wav
0x536df8,media\se\EnemyDown3.wav,se\EnemyDown3.wav,True,/Users/happyelements/SteamLibrary/steamapps/common/Like Dreamer/re/se/EnemyDown3.wav
0x536e10,media\se\Blast1.wav,se\Blast1.wav,True,/Users/happyelements/SteamLibrary/steamapps/common/Like Dreamer/re/se/Blast1.wav
0x536e28,media\se\Blast2.wav,se\Blast2.wav,True,/Users/happyelements/SteamLibrary/steamapps/common/Like Dreamer/re/se/Blast2.wav
0x536e40,media\se\Bullet1.wav,se\Bullet1.wav,True,/Users/happyelements/SteamLibrary/steamapps/common/Like Dreamer/re/se/Bullet1.wav
0x536e58,media\se\Bullet2.wav,se\Bullet2.wav,True,/Users/happyelements/SteamLibrary/steamapps/common/Like Dreamer/re/se/Bullet2.wav
0x536e70,media\se\Graze.wav,se\Graze.wav,True,/Users/happyelements/SteamLibrary/steamapps/common/Like Dreamer/re/se/Graze.wav
0x536e88,media\se\Alert.wav,se\Alert.wav,True,/Users/happyelements/SteamLibrary/steamapps/common/Like Dreamer/re/se/Alert.wav
0x536ea0,media\se\BossLife.wav,se\BossLife.wav,True,/Users/happyelements/SteamLibrary/steamapps/common/Like Dreamer/re/se/BossLife.wav
0x536eb8,media\se\BossApproach.wav,se\BossApproach.wav,True,/Users/happyelements/SteamLibrary/steamapps/common/Like Dreamer/re/se/BossApproach.wav
0x536ed8,media\se\BossSE1.wav,se\BossSE1.wav,True,/Users/happyelements/SteamLibrary/steamapps/common/Like Dreamer/re/se/BossSE1.wav
0x536ef0,media\se\BossSE3.wav,se\BossSE3.wav,True,/Users/happyelements/SteamLibrary/steamapps/common/Like Dreamer/re/se/BossSE3.wav
0x536f08,media\se\BossSE5.wav,se\BossSE5.wav,True,/Users/happyelements/SteamLibrary/steamapps/common/Like Dreamer/re/se/BossSE5.wav
0x536f20,media\se\BossSE6.wav,se\BossSE6.wav,True,/Users/happyelements/SteamLibrary/steamapps/common/Like Dreamer/re/se/BossSE6.wav
0x536f38,media\se\BossSE7.wav,se\BossSE7.wav,True,/Users/happyelements/SteamLibrary/steamapps/common/Like Dreamer/re/se/BossSE7.wav
0x536f50,media\se\BossSE8.wav,se\BossSE8.wav,True,/Users/happyelements/SteamLibrary/steamapps/common/Like Dreamer/re/se/BossSE8.wav
0x536f68,media\se\BossSE9.wav,se\BossSE9.wav,True,/Users/happyelements/SteamLibrary/steamapps/common/Like Dreamer/re/se/BossSE9.wav
0x536f80,media\se\BossSE10.wav,se\BossSE10.wav,True,/Users/happyelements/SteamLibrary/steamapps/common/Like Dreamer/re/se/BossSE10.wav
0x536f98,media\se\BossSE11.wav,se\BossSE11.wav,True,/Users/happyelements/SteamLibrary/steamapps/common/Like Dreamer/re/se/BossSE11.wav
0x536fb0,media\se\BossSE12.wav,se\BossSE12.wav,True,/Users/happyelements/SteamLibrary/steamapps/common/Like Dreamer/re/se/BossSE12.wav
0x536fc8,media\se\BossSE13.wav,se\BossSE13.wav,True,/Users/happyelements/SteamLibrary/steamapps/common/Like Dreamer/re/se/BossSE13.wav
0x536fe0,media\se\BossSE14.wav,se\BossSE14.wav,True,/Users/happyelements/SteamLibrary/steamapps/common/Like Dreamer/re/se/BossSE14.wav
0x536ff8,media\se\BossSE15.wav,se\BossSE15.wav,True,/Users/happyelements/SteamLibrary/steamapps/common/Like Dreamer/re/se/BossSE15.wav
0x537010,media\se\BossSE16.wav,se\BossSE16.wav,True,/Users/happyelements/SteamLibrary/steamapps/common/Like Dreamer/re/se/BossSE16.wav
0x537028,media\se\BossSE17.wav,se\BossSE17.wav,True,/Users/happyelements/SteamLibrary/steamapps/common/Like Dreamer/re/se/BossSE17.wav
0x537040,media\se\BossSE18.wav,se\BossSE18.wav,True,/Users/happyelements/SteamLibrary/steamapps/common/Like Dreamer/re/se/BossSE18.wav
0x537058,media\se\BossSE19.wav,se\BossSE19.wav,True,/Users/happyelements/SteamLibrary/steamapps/common/Like Dreamer/re/se/BossSE19.wav
0x537070,media\se\BossSE20.wav,se\BossSE20.wav,True,/Users/happyelements/SteamLibrary/steamapps/common/Like Dreamer/re/se/BossSE20.wav
0x537088,media\se\BossWeaken.wav,se\BossWeaken.wav,True,/Users/happyelements/SteamLibrary/steamapps/common/Like Dreamer/re/se/BossWeaken.wav
0x5370a0,media\se\Timer.wav,se\Timer.wav,True,/Users/happyelements/SteamLibrary/steamapps/common/Like Dreamer/re/se/Timer.wav
0x5370b8,media\se\Bonus.wav,se\Bonus.wav,True,/Users/happyelements/SteamLibrary/steamapps/common/Like Dreamer/re/se/Bonus.wav
0x5370d0,media\se\Notice.wav,se\Notice.wav,True,/Users/happyelements/SteamLibrary/steamapps/common/Like Dreamer/re/se/Notice.wav
0x5370e8,media\se\Opening1.wav,se\Opening1.wav,True,/Users/happyelements/SteamLibrary/steamapps/common/Like Dreamer/re/se/Opening1.wav
0x537100,media\se\Opening2.wav,se\Opening2.wav,True,/Users/happyelements/SteamLibrary/steamapps/common/Like Dreamer/re/se/Opening2.wav
0x537178,media\system\Manual.png,system\Manual.png,True,/Users/happyelements/SteamLibrary/steamapps/common/Like Dreamer/re/system/Manual.png
0x537190,media\system\ManualMenu.png,system\ManualMenu.png,True,/Users/happyelements/SteamLibrary/steamapps/common/Like Dreamer/re/system/ManualMenu.png
0x5371b0,media\system\DifficultyTips.png,system\DifficultyTips.png,True,/Users/happyelements/SteamLibrary/steamapps/common/Like Dreamer/re/system/DifficultyTips.png
0x5371d0,media\system\KerPromot.png,system\KerPromot.png,True,/Users/happyelements/SteamLibrary/steamapps/common/Like Dreamer/re/system/KerPromot.png
0x5371f0,media\player\PauseMenu.png,player\PauseMenu.png,True,/Users/happyelements/SteamLibrary/steamapps/common/Like Dreamer/re/player/PauseMenu.png
0x537210,media\stage\TutorialPanel.png,stage\TutorialPanel.png,True,/Users/happyelements/SteamLibrary/steamapps/common/Like Dreamer/re/stage/TutorialPanel.png
0x537230,media\player\Unlock.png,player\Unlock.png,True,/Users/happyelements/SteamLibrary/steamapps/common/Like Dreamer/re/player/Unlock.png
0x537248,media\gallery\NoticeText2.png,gallery\NoticeText2.png,True,/Users/happyelements/SteamLibrary/steamapps/common/Like Dreamer/re/gallery/NoticeText2.png
0x537268,media\gallery\NoticeText3.png,gallery\NoticeText3.png,True,/Users/happyelements/SteamLibrary/steamapps/common/Like Dreamer/re/gallery/NoticeText3.png
0x537288,media\gallery\GalleryPic.png,gallery\GalleryPic.png,True,/Users/happyelements/SteamLibrary/steamapps/common/Like Dreamer/re/gallery/GalleryPic.png
0x5372a8,media\system\TitleMenu2.png,system\TitleMenu2.png,True,/Users/happyelements/SteamLibrary/steamapps/common/Like Dreamer/re/system/TitleMenu2.png
0x5372c8,media\system\MenuTitle.png,system\MenuTitle.png,True,/Users/happyelements/SteamLibrary/steamapps/common/Like Dreamer/re/system/MenuTitle.png
0x5372e8,media\system\EquipMenu.png,system\EquipMenu.png,True,/Users/happyelements/SteamLibrary/steamapps/common/Like Dreamer/re/system/EquipMenu.png
0x537308,media\system\MapMenu.png,system\MapMenu.png,True,/Users/happyelements/SteamLibrary/steamapps/common/Like Dreamer/re/system/MapMenu.png
0x537328,media\system\MapMenu2.png,system\MapMenu2.png,True,/Users/happyelements/SteamLibrary/steamapps/common/Like Dreamer/re/system/MapMenu2.png
0x537348,media\stage\BossApproach1.png,stage\BossApproach1.png,True,/Users/happyelements/SteamLibrary/steamapps/common/Like Dreamer/re/stage/BossApproach1.png
0x537368,media\system\Manual_eng.png,system\Manual_eng.png,True,/Users/happyelements/SteamLibrary/steamapps/common/Like Dreamer/re/system/Manual_eng.png
0x537388,media\system\ManualMenu_eng.png,system\ManualMenu_eng.png,True,/Users/happyelements/SteamLibrary/steamapps/common/Like Dreamer/re/system/ManualMenu_eng.png
0x5373a8,media\system\DifficultyTips_eng.png,system\DifficultyTips_eng.png,True,/Users/happyelements/SteamLibrary/steamapps/common/Like Dreamer/re/system/DifficultyTips_eng.png
0x5373d0,media\system\KerPromot_eng.png,system\KerPromot_eng.png,True,/Users/happyelements/SteamLibrary/steamapps/common/Like Dreamer/re/system/KerPromot_eng.png
0x5373f0,media\player\PauseMenu_eng.png,player\PauseMenu_eng.png,True,/Users/happyelements/SteamLibrary/steamapps/common/Like Dreamer/re/player/PauseMenu_eng.png
0x537410,media\stage\TutorialPanel_eng.png,stage\TutorialPanel_eng.png,True,/Users/happyelements/SteamLibrary/steamapps/common/Like Dreamer/re/stage/TutorialPanel_eng.png
0x537438,media\player\Unlock_eng.png,player\Unlock_eng.png,True,/Users/happyelements/SteamLibrary/steamapps/common/Like Dreamer/re/player/Unlock_eng.png
0x537458,media\gallery\NoticeText2_eng.png,gallery\NoticeText2_eng.png,True,/Users/happyelements/SteamLibrary/steamapps/common/Like Dreamer/re/gallery/NoticeText2_eng.png
0x537480,media\gallery\NoticeText3_eng.png,gallery\NoticeText3_eng.png,True,/Users/happyelements/SteamLibrary/steamapps/common/Like Dreamer/re/gallery/NoticeText3_eng.png
0x5374a8,media\gallery\GalleryPic_eng.png,gallery\GalleryPic_eng.png,True,/Users/happyelements/SteamLibrary/steamapps/common/Like Dreamer/re/gallery/GalleryPic_eng.png
0x5374d0,media\system\Manual_ch1.png,system\Manual_ch1.png,True,/Users/happyelements/SteamLibrary/steamapps/common/Like Dreamer/re/system/Manual_ch1.png
0x5374f0,media\system\ManualMenu_ch1.png,system\ManualMenu_ch1.png,True,/Users/happyelements/SteamLibrary/steamapps/common/Like Dreamer/re/system/ManualMenu_ch1.png
0x537510,media\system\DifficultyTips_ch1.png,system\DifficultyTips_ch1.png,True,/Users/happyelements/SteamLibrary/steamapps/common/Like Dreamer/re/system/DifficultyTips_ch1.png
0x537538,media\system\KerPromot_ch1.png,system\KerPromot_ch1.png,True,/Users/happyelements/SteamLibrary/steamapps/common/Like Dreamer/re/system/KerPromot_ch1.png
0x537558,media\player\PauseMenu_ch1.png,player\PauseMenu_ch1.png,True,/Users/happyelements/SteamLibrary/steamapps/common/Like Dreamer/re/player/PauseMenu_ch1.png
0x537578,media\stage\TutorialPanel_ch1.png,stage\TutorialPanel_ch1.png,True,/Users/happyelements/SteamLibrary/steamapps/common/Like Dreamer/re/stage/TutorialPanel_ch1.png
0x5375a0,media\player\Unlock_ch1.png,player\Unlock_ch1.png,True,/Users/happyelements/SteamLibrary/steamapps/common/Like Dreamer/re/player/Unlock_ch1.png
0x5375c0,media\gallery\NoticeText2_ch1.png,gallery\NoticeText2_ch1.png,True,/Users/happyelements/SteamLibrary/steamapps/common/Like Dreamer/re/gallery/NoticeText2_ch1.png
0x5375e8,media\gallery\NoticeText3_ch1.png,gallery\NoticeText3_ch1.png,True,/Users/happyelements/SteamLibrary/steamapps/common/Like Dreamer/re/gallery/NoticeText3_ch1.png
0x537610,media\gallery\GalleryPic_ch1.png,gallery\GalleryPic_ch1.png,True,/Users/happyelements/SteamLibrary/steamapps/common/Like Dreamer/re/gallery/GalleryPic_ch1.png
0x537638,media\system\TitleMenu2_ch1.png,system\TitleMenu2_ch1.png,True,/Users/happyelements/SteamLibrary/steamapps/common/Like Dreamer/re/system/TitleMenu2_ch1.png
0x537658,media\system\MenuTitle_ch1.png,system\MenuTitle_ch1.png,True,/Users/happyelements/SteamLibrary/steamapps/common/Like Dreamer/re/system/MenuTitle_ch1.png
0x537678,media\system\EquipMenu_ch1.png,system\EquipMenu_ch1.png,True,/Users/happyelements/SteamLibrary/steamapps/common/Like Dreamer/re/system/EquipMenu_ch1.png
0x537698,media\system\MapMenu_ch1.png,system\MapMenu_ch1.png,True,/Users/happyelements/SteamLibrary/steamapps/common/Like Dreamer/re/system/MapMenu_ch1.png
0x5376b8,media\system\MapMenu2_ch.png,system\MapMenu2_ch.png,True,/Users/happyelements/SteamLibrary/steamapps/common/Like Dreamer/re/system/MapMenu2_ch.png
0x5376d8,media\stage\BossApproach1_ch1.png,stage\BossApproach1_ch1.png,True,/Users/happyelements/SteamLibrary/steamapps/common/Like Dreamer/re/stage/BossApproach1_ch1.png
0x537700,media\system\Manual_ch2.png,system\Manual_ch2.png,True,/Users/happyelements/SteamLibrary/steamapps/common/Like Dreamer/re/system/Manual_ch2.png
0x537720,media\system\ManualMenu_ch2.png,system\ManualMenu_ch2.png,True,/Users/happyelements/SteamLibrary/steamapps/common/Like Dreamer/re/system/ManualMenu_ch2.png
0x537740,media\system\DifficultyTips_ch2.png,system\DifficultyTips_ch2.png,True,/Users/happyelements/SteamLibrary/steamapps/common/Like Dreamer/re/system/DifficultyTips_ch2.png
0x537768,media\system\KerPromot_ch2.png,system\KerPromot_ch2.png,True,/Users/happyelements/SteamLibrary/steamapps/common/Like Dreamer/re/system/KerPromot_ch2.png
0x537788,media\player\PauseMenu_ch2.png,player\PauseMenu_ch2.png,True,/Users/happyelements/SteamLibrary/steamapps/common/Like Dreamer/re/player/PauseMenu_ch2.png
0x5377a8,media\stage\TutorialPanel_ch2.png,stage\TutorialPanel_ch2.png,True,/Users/happyelements/SteamLibrary/steamapps/common/Like Dreamer/re/stage/TutorialPanel_ch2.png
0x5377d0,media\player\Unlock_ch2.png,player\Unlock_ch2.png,True,/Users/happyelements/SteamLibrary/steamapps/common/Like Dreamer/re/player/Unlock_ch2.png
0x5377f0,media\gallery\NoticeText2_ch2.png,gallery\NoticeText2_ch2.png,True,/Users/happyelements/SteamLibrary/steamapps/common/Like Dreamer/re/gallery/NoticeText2_ch2.png
0x537818,media\gallery\NoticeText3_ch2.png,gallery\NoticeText3_ch2.png,True,/Users/happyelements/SteamLibrary/steamapps/common/Like Dreamer/re/gallery/NoticeText3_ch2.png
0x537840,media\gallery\GalleryPic_ch2.png,gallery\GalleryPic_ch2.png,True,/Users/happyelements/SteamLibrary/steamapps/common/Like Dreamer/re/gallery/GalleryPic_ch2.png
0x537868,media\system\TitleMenu2_ch2.png,system\TitleMenu2_ch2.png,True,/Users/happyelements/SteamLibrary/steamapps/common/Like Dreamer/re/system/TitleMenu2_ch2.png
0x537888,media\system\MenuTitle_ch2.png,system\MenuTitle_ch2.png,True,/Users/happyelements/SteamLibrary/steamapps/common/Like Dreamer/re/system/MenuTitle_ch2.png
0x5378a8,media\system\EquipMenu_ch2.png,system\EquipMenu_ch2.png,True,/Users/happyelements/SteamLibrary/steamapps/common/Like Dreamer/re/system/EquipMenu_ch2.png
0x5378c8,media\system\MapMenu_ch2.png,system\MapMenu_ch2.png,True,/Users/happyelements/SteamLibrary/steamapps/common/Like Dreamer/re/system/MapMenu_ch2.png
0x5378e8,media\stage\BossApproach1_ch2.png,stage\BossApproach1_ch2.png,True,/Users/happyelements/SteamLibrary/steamapps/common/Like Dreamer/re/stage/BossApproach1_ch2.png
0x538c38,media\text\text01.csv,text\text01.csv,True,/Users/happyelements/SteamLibrary/steamapps/common/Like Dreamer/re/text/text01.csv
0x538c50,media\text\text02.csv,text\text02.csv,True,/Users/happyelements/SteamLibrary/steamapps/common/Like Dreamer/re/text/text02.csv
0x538c68,media\text\text03.csv,text\text03.csv,True,/Users/happyelements/SteamLibrary/steamapps/common/Like Dreamer/re/text/text03.csv
0x538c80,media\text\text04.csv,text\text04.csv,True,/Users/happyelements/SteamLibrary/steamapps/common/Like Dreamer/re/text/text04.csv
